--
-- PostgreSQL database dump
--

\restrict 1qntUJBiVIMUNZgX8jWIVnuNTCYnSBOSEXCp9H2hy0bgKHt1KzavfgMgC65pqiN

-- Dumped from database version 16.13
-- Dumped by pg_dump version 16.13

-- Started on 2026-06-15 01:31:42

SET statement_timeout = 0;
SET lock_timeout = 0;
SET idle_in_transaction_session_timeout = 0;
SET client_encoding = 'UTF8';
SET standard_conforming_strings = on;
SELECT pg_catalog.set_config('search_path', '', false);
SET check_function_bodies = false;
SET xmloption = content;
SET client_min_messages = warning;
SET row_security = off;

SET default_tablespace = '';

SET default_table_access_method = heap;

--
-- TOC entry 224 (class 1259 OID 32935)
-- Name: detalle_orden; Type: TABLE; Schema: public; Owner: postgres
--

CREATE TABLE public.detalle_orden (
    id bigint NOT NULL,
    cantidad integer,
    orden_id bigint,
    producto_id bigint
);


ALTER TABLE public.detalle_orden OWNER TO postgres;

--
-- TOC entry 223 (class 1259 OID 32934)
-- Name: detalle_orden_id_seq; Type: SEQUENCE; Schema: public; Owner: postgres
--

ALTER TABLE public.detalle_orden ALTER COLUMN id ADD GENERATED BY DEFAULT AS IDENTITY (
    SEQUENCE NAME public.detalle_orden_id_seq
    START WITH 1
    INCREMENT BY 1
    NO MINVALUE
    NO MAXVALUE
    CACHE 1
);


--
-- TOC entry 220 (class 1259 OID 32911)
-- Name: inventarios; Type: TABLE; Schema: public; Owner: postgres
--

CREATE TABLE public.inventarios (
    id bigint NOT NULL,
    stock integer,
    producto_id bigint
);


ALTER TABLE public.inventarios OWNER TO postgres;

--
-- TOC entry 219 (class 1259 OID 32910)
-- Name: inventarios_id_seq; Type: SEQUENCE; Schema: public; Owner: postgres
--

ALTER TABLE public.inventarios ALTER COLUMN id ADD GENERATED BY DEFAULT AS IDENTITY (
    SEQUENCE NAME public.inventarios_id_seq
    START WITH 1
    INCREMENT BY 1
    NO MINVALUE
    NO MAXVALUE
    CACHE 1
);


--
-- TOC entry 222 (class 1259 OID 32924)
-- Name: ordenes; Type: TABLE; Schema: public; Owner: postgres
--

CREATE TABLE public.ordenes (
    id bigint NOT NULL,
    fecha date,
    usuario_id bigint
);


ALTER TABLE public.ordenes OWNER TO postgres;

--
-- TOC entry 221 (class 1259 OID 32923)
-- Name: ordenes_id_seq; Type: SEQUENCE; Schema: public; Owner: postgres
--

ALTER TABLE public.ordenes ALTER COLUMN id ADD GENERATED BY DEFAULT AS IDENTITY (
    SEQUENCE NAME public.ordenes_id_seq
    START WITH 1
    INCREMENT BY 1
    NO MINVALUE
    NO MAXVALUE
    CACHE 1
);


--
-- TOC entry 218 (class 1259 OID 32903)
-- Name: productos; Type: TABLE; Schema: public; Owner: postgres
--

CREATE TABLE public.productos (
    id bigint NOT NULL,
    activo boolean,
    descripcion character varying(255),
    nombre character varying(255),
    precio double precision
);


ALTER TABLE public.productos OWNER TO postgres;

--
-- TOC entry 217 (class 1259 OID 32902)
-- Name: productos_id_seq; Type: SEQUENCE; Schema: public; Owner: postgres
--

ALTER TABLE public.productos ALTER COLUMN id ADD GENERATED BY DEFAULT AS IDENTITY (
    SEQUENCE NAME public.productos_id_seq
    START WITH 1
    INCREMENT BY 1
    NO MINVALUE
    NO MAXVALUE
    CACHE 1
);


--
-- TOC entry 216 (class 1259 OID 32875)
-- Name: usuarios; Type: TABLE; Schema: public; Owner: postgres
--

CREATE TABLE public.usuarios (
    id bigint NOT NULL,
    email character varying(255),
    nombre character varying(255),
    password character varying(255),
    rol character varying(255)
);


ALTER TABLE public.usuarios OWNER TO postgres;

--
-- TOC entry 215 (class 1259 OID 32874)
-- Name: usuarios_id_seq; Type: SEQUENCE; Schema: public; Owner: postgres
--

ALTER TABLE public.usuarios ALTER COLUMN id ADD GENERATED BY DEFAULT AS IDENTITY (
    SEQUENCE NAME public.usuarios_id_seq
    START WITH 1
    INCREMENT BY 1
    NO MINVALUE
    NO MAXVALUE
    CACHE 1
);


--
-- TOC entry 4824 (class 0 OID 32935)
-- Dependencies: 224
-- Data for Name: detalle_orden; Type: TABLE DATA; Schema: public; Owner: postgres
--

COPY public.detalle_orden (id, cantidad, orden_id, producto_id) FROM stdin;
2	2	2	3
3	1	2	4
4	1	2	5
8	3	4	3
9	3	4	2
10	4	5	3
11	2	6	7
12	2	6	8
13	2	7	5
\.


--
-- TOC entry 4820 (class 0 OID 32911)
-- Dependencies: 220
-- Data for Name: inventarios; Type: TABLE DATA; Schema: public; Owner: postgres
--

COPY public.inventarios (id, stock, producto_id) FROM stdin;
1	50	1
2	40	3
3	40	4
5	20	5
6	12	6
7	35	7
8	45	8
9	10	9
10	30	10
11	25	11
12	18	12
13	8	13
14	14	14
15	22	15
16	60	16
\.


--
-- TOC entry 4822 (class 0 OID 32924)
-- Dependencies: 222
-- Data for Name: ordenes; Type: TABLE DATA; Schema: public; Owner: postgres
--

COPY public.ordenes (id, fecha, usuario_id) FROM stdin;
2	2026-06-15	3
4	2026-06-11	4
5	2026-06-10	4
6	2026-06-12	4
7	2026-06-15	5
8	2026-06-14	5
9	2026-06-13	5
10	2026-06-15	6
11	2026-06-14	6
12	2026-06-13	6
13	2026-06-12	6
14	2026-06-15	7
15	2026-06-14	7
16	2026-06-13	7
\.


--
-- TOC entry 4818 (class 0 OID 32903)
-- Dependencies: 218
-- Data for Name: productos; Type: TABLE DATA; Schema: public; Owner: postgres
--

COPY public.productos (id, activo, descripcion, nombre, precio) FROM stdin;
1	t	Portátil Core i7 16GB RAM	Portátil Acer	1500000
2	t	Core i5 16GB RAM SSD 512GB	Portátil Lenovo	2500000
3	t	RGB inalámbrico	Mouse Gamer Logitech	120000
4	t	Switch Blue RGB	Teclado Mecánico Redragon	180000
5	t	Full HD IPS	Monitor Samsung 24	650000
6	t	QHD 144Hz	Monitor LG 27	1200000
7	t	1TB NVMe	Disco SSD Kingston	350000
8	t	16GB DDR4	Memoria RAM Corsair	220000
9	t	Multifuncional WiFi	Impresora Epson	700000
10	t	Dual Band AC1200	Router TP-Link	180000
11	t	Gaming Cloud II	Audífonos HyperX	350000
12	t	Full HD 1080p	Webcam Logitech	250000
13	t	Ergonómica reclinable	Silla Gamer	950000
14	t	Galaxy Tab A9	Tablet Samsung	850000
15	t	Redmi Note 14	Celular Xiaomi	1100000
16	t	20000mAh	Power Bank Xiaomi	140000
\.


--
-- TOC entry 4816 (class 0 OID 32875)
-- Dependencies: 216
-- Data for Name: usuarios; Type: TABLE DATA; Schema: public; Owner: postgres
--

COPY public.usuarios (id, email, nombre, password, rol) FROM stdin;
1	fernando.torres@gmail.com	Fernando Torres	123	ADMIN
3	carlos.ramirez@gmail.com	Carlos Ramirez	12345	CLIENTE
4	laura.torres@gmail.com	Laura Torres	123456	CLIENTE
5	andres.gomez@gmail.com	Andres Gomez	123456	CLIENTE
6	sofia.martinez@gmail.com	Sofia Martinez	123456	CLIENTE
7	juan.rodriguez@gmail.com	Juan Rodriguez	123456	CLIENTE
\.


--
-- TOC entry 4830 (class 0 OID 0)
-- Dependencies: 223
-- Name: detalle_orden_id_seq; Type: SEQUENCE SET; Schema: public; Owner: postgres
--

SELECT pg_catalog.setval('public.detalle_orden_id_seq', 13, true);


--
-- TOC entry 4831 (class 0 OID 0)
-- Dependencies: 219
-- Name: inventarios_id_seq; Type: SEQUENCE SET; Schema: public; Owner: postgres
--

SELECT pg_catalog.setval('public.inventarios_id_seq', 16, true);


--
-- TOC entry 4832 (class 0 OID 0)
-- Dependencies: 221
-- Name: ordenes_id_seq; Type: SEQUENCE SET; Schema: public; Owner: postgres
--

SELECT pg_catalog.setval('public.ordenes_id_seq', 16, true);


--
-- TOC entry 4833 (class 0 OID 0)
-- Dependencies: 217
-- Name: productos_id_seq; Type: SEQUENCE SET; Schema: public; Owner: postgres
--

SELECT pg_catalog.setval('public.productos_id_seq', 16, true);


--
-- TOC entry 4834 (class 0 OID 0)
-- Dependencies: 215
-- Name: usuarios_id_seq; Type: SEQUENCE SET; Schema: public; Owner: postgres
--

SELECT pg_catalog.setval('public.usuarios_id_seq', 7, true);


--
-- TOC entry 4667 (class 2606 OID 32939)
-- Name: detalle_orden detalle_orden_pkey; Type: CONSTRAINT; Schema: public; Owner: postgres
--

ALTER TABLE ONLY public.detalle_orden
    ADD CONSTRAINT detalle_orden_pkey PRIMARY KEY (id);


--
-- TOC entry 4661 (class 2606 OID 32915)
-- Name: inventarios inventarios_pkey; Type: CONSTRAINT; Schema: public; Owner: postgres
--

ALTER TABLE ONLY public.inventarios
    ADD CONSTRAINT inventarios_pkey PRIMARY KEY (id);


--
-- TOC entry 4665 (class 2606 OID 32928)
-- Name: ordenes ordenes_pkey; Type: CONSTRAINT; Schema: public; Owner: postgres
--

ALTER TABLE ONLY public.ordenes
    ADD CONSTRAINT ordenes_pkey PRIMARY KEY (id);


--
-- TOC entry 4659 (class 2606 OID 32909)
-- Name: productos productos_pkey; Type: CONSTRAINT; Schema: public; Owner: postgres
--

ALTER TABLE ONLY public.productos
    ADD CONSTRAINT productos_pkey PRIMARY KEY (id);


--
-- TOC entry 4663 (class 2606 OID 32917)
-- Name: inventarios uk4xirt8ux8pvdhtj9cqwbxn2qx; Type: CONSTRAINT; Schema: public; Owner: postgres
--

ALTER TABLE ONLY public.inventarios
    ADD CONSTRAINT uk4xirt8ux8pvdhtj9cqwbxn2qx UNIQUE (producto_id);


--
-- TOC entry 4655 (class 2606 OID 32883)
-- Name: usuarios ukkfsp0s1tflm1cwlj8idhqsad0; Type: CONSTRAINT; Schema: public; Owner: postgres
--

ALTER TABLE ONLY public.usuarios
    ADD CONSTRAINT ukkfsp0s1tflm1cwlj8idhqsad0 UNIQUE (email);


--
-- TOC entry 4657 (class 2606 OID 32881)
-- Name: usuarios usuarios_pkey; Type: CONSTRAINT; Schema: public; Owner: postgres
--

ALTER TABLE ONLY public.usuarios
    ADD CONSTRAINT usuarios_pkey PRIMARY KEY (id);


--
-- TOC entry 4670 (class 2606 OID 32945)
-- Name: detalle_orden fkglw9feq38n5kihrdjwctg2lg0; Type: FK CONSTRAINT; Schema: public; Owner: postgres
--

ALTER TABLE ONLY public.detalle_orden
    ADD CONSTRAINT fkglw9feq38n5kihrdjwctg2lg0 FOREIGN KEY (producto_id) REFERENCES public.productos(id);


--
-- TOC entry 4671 (class 2606 OID 32940)
-- Name: detalle_orden fkjme9iv95jkpacnpsvegpqhcq6; Type: FK CONSTRAINT; Schema: public; Owner: postgres
--

ALTER TABLE ONLY public.detalle_orden
    ADD CONSTRAINT fkjme9iv95jkpacnpsvegpqhcq6 FOREIGN KEY (orden_id) REFERENCES public.ordenes(id);


--
-- TOC entry 4668 (class 2606 OID 32918)
-- Name: inventarios fkl6umb4q9iu5a17t9bpvn62u4e; Type: FK CONSTRAINT; Schema: public; Owner: postgres
--

ALTER TABLE ONLY public.inventarios
    ADD CONSTRAINT fkl6umb4q9iu5a17t9bpvn62u4e FOREIGN KEY (producto_id) REFERENCES public.productos(id);


--
-- TOC entry 4669 (class 2606 OID 32929)
-- Name: ordenes fksqu43gsd6mtx7b1siww96324; Type: FK CONSTRAINT; Schema: public; Owner: postgres
--

ALTER TABLE ONLY public.ordenes
    ADD CONSTRAINT fksqu43gsd6mtx7b1siww96324 FOREIGN KEY (usuario_id) REFERENCES public.usuarios(id);


-- Completed on 2026-06-15 01:31:42

--
-- PostgreSQL database dump complete
--

\unrestrict 1qntUJBiVIMUNZgX8jWIVnuNTCYnSBOSEXCp9H2hy0bgKHt1KzavfgMgC65pqiN

